"feature"	"metadata"	"value"	"name"	"coef"	"stderr"	"pval_individual"	"qval_individual"	"pval_joint"	"qval_joint"	"model"	"N"	"N_not_zero"
"Clostridiales_bacterium_KLE1615"	"diet"	"rice"	"dietrice"	-3.02380668154586	0.79820975943273	0.000253078988861595	0.0915228531751699	0.000506093928748586	0.0928046310234386	"abundance"	138	122
"Clostridiales_bacterium_KLE1615"	"diet"	"rice:time"	"dietrice:time"	1.75611114922692	0.437129575054868	0.000168923926037769	0.0915228531751699	0.00033781931678275	0.0928046310234386	"abundance"	138	122
"GGB34797_SGB14322"	"diet"	"rice"	"dietrice"	-3.15397476738086	0.812155451017431	0.000287807714387327	0.0915228531751699	0.000575532595494193	0.0928046310234386	"abundance"	138	70
"Lawsonibacter_asaccharolyticus"	"time"	"time"	"time"	-3.62087763179451	0.955269995029861	0.000150390777863136	0.0915228531751699	0.000300758938340206	0.0928046310234386	"prevalence"	138	134
"GGB34797_SGB14322"	"diet"	"rice"	"dietrice"	15.979026098993	5.17604748690811	0.00202113034310431	0.183634128316335	0.000575532595494193	0.0928046310234386	"prevalence"	138	70
"Lawsonibacter_asaccharolyticus"	"time"	"time"	"time"	-0.519554697583604	0.217789118735483	0.019975610560558	0.558692701413394	0.000300758938340206	0.0928046310234386	"abundance"	138	134
"Clostridiales_bacterium_KLE1615"	"diet"	"rice"	"dietrice"	1.3578692166903	5.50825041877915	0.80528319179202	1	0.000506093928748586	0.0928046310234386	"prevalence"	138	122
"Clostridiales_bacterium_KLE1615"	"diet"	"rice:time"	"dietrice:time"	-1.91621943529603e-05	3.38536528617757	0.999995483731375	1	0.00033781931678275	0.0928046310234386	"prevalence"	138	122
