"variable","measure","comparison","p_value","log2_fold_change","mean_Group1","mean_Group2","p_adjusted"
"group","shannon","diet_1_visit_1_vs_diet_1_visit_2",0.241792174987496,-0.0168892555222757,4.04597821205316,3.99888916509525,1
"group","shannon","diet_2_visit_1_vs_diet_2_visit_2",0.426511601894163,0.0243226248826288,4.09665277941549,4.16630438339545,1
"group","shannon","diet_1_visit_1_vs_diet_2_visit_1",0.406576412767404,0.0194425902660448,4.04407474522992,4.09894392231484,1
"group","shannon","diet_1_visit_2_vs_diet_2_visit_2",0.0404434809595154,0.0580721754374656,3.98344733943725,4.14706217846206,0.318456061781765
"group","observed","diet_1_visit_1_vs_diet_1_visit_2",0.497126358373144,-0.0454353576148119,275.636363636364,267.090909090909,1
"group","observed","diet_2_visit_1_vs_diet_2_visit_2",0.959092558717091,0.0345195598225133,300,307.264705882353,1
"group","observed","diet_1_visit_1_vs_diet_2_visit_1",0.148066448328107,0.129199538911006,275.529411764706,301.342857142857,0.888398689968643
"group","observed","diet_1_visit_2_vs_diet_2_visit_2",0.0398070077227206,0.194591457235608,264.542857142857,302.742857142857,0.318456061781765
