"variable","measure","comparison","p_value","log2_fold_change","mean_Group1","mean_Group2","p_adjusted"
"group","shannon","diet_1_visit_1_vs_diet_1_visit_2",0.350400313764466,-0.0296010796654238,4.04407474522992,3.96194425819786,1
"group","shannon","diet_2_visit_1_vs_diet_2_visit_2",0.594790723838466,0.00665386935487203,4.10709334643353,4.12607946533048,1
"group","shannon","diet_1_visit_1_vs_diet_2_visit_1",0.35243727254423,0.022308075089532,4.04407474522992,4.10709334643353,1
"group","shannon","diet_1_visit_2_vs_diet_2_visit_2",0.0424129981209365,0.0585630241098278,3.96194425819786,4.12607946533048,0.320995812034654
"group","observed","diet_1_visit_1_vs_diet_1_visit_2",0.493396808466489,-0.0768126054521004,275.529411764706,261.243243243243,1
"group","observed","diet_2_visit_1_vs_diet_2_visit_2",0.99550691187239,-0.0182816320960211,302.222222222222,298.416666666667,1
"group","observed","diet_1_visit_1_vs_diet_2_visit_1",0.134044088012991,0.133403415444514,275.529411764706,302.222222222222,0.804264528077944
"group","observed","diet_1_visit_2_vs_diet_2_visit_2",0.0401244765043318,0.191934388800593,261.243243243243,298.416666666667,0.320995812034654
