"taxon","lfc_groupdiet_2_visit_2","se_groupdiet_2_visit_2","W_groupdiet_2_visit_2","p_groupdiet_2_visit_2","q_groupdiet_2_visit_2","diff_groupdiet_2_visit_2","passed_ss_groupdiet_2_visit_2"
"Granulicatella",1.31405505410797,0.154178250173698,8.52295996761897,3.55978663273264e-06,0.00127440361451829,TRUE,FALSE
"Candidatus_Cibionibacter",-1.39878215879744,0.263115204976354,-5.31623460880245,9.00001171646904e-06,0.00161100209724796,TRUE,TRUE
