"feature"	"metadata"	"value"	"name"	"coef"	"stderr"	"pval_individual"	"qval_individual"	"pval_joint"	"qval_joint"	"model"	"N"	"N_not_zero"
"Clostridiales_unclassified"	"time"	"time"	"time"	-2.71069278186791	0.624289888874474	1.41164678227726e-05	0.00611243056726055	2.82327363708815e-05	0.00652176210167362	"prevalence"	138	134
"FGB12107"	"diet"	"rice"	"dietrice"	-3.15397476738086	0.812155451017431	0.000287807714387446	0.0623103701648821	0.000575532595494431	0.0664740147796068	"abundance"	138	70
"FGB12107"	"diet"	"rice"	"dietrice"	15.9790219467676	5.16634006234923	0.00198204609141527	0.171645191516563	0.000575532595494431	0.0664740147796068	"prevalence"	138	70
"Clostridiales_unclassified"	"time"	"time"	"time"	-0.519554697583376	0.217789118734472	0.0199756105640432	0.517424763042383	2.82327363708815e-05	0.00652176210167362	"abundance"	138	134
