"feature"	"metadata"	"value"	"name"	"coef"	"stderr"	"pval_individual"	"qval_individual"	"pval_joint"	"qval_joint"	"model"	"N"	"N_not_zero"
"Ruminococcus_sp_BSD2780120874_150323_B10"	"diet"	"oat"	"dietoat"	-9.28230206463665	1.47730130743374	0.000383497271451927	0.172190274881915	0.000383497271451927	0.0870538806195874	"abundance"	69	9
"GGB33512_SGB15203"	"diet"	"oat"	"dietoat"	-1.76268154820533	0.525322059351061	0.000792416258287025	0.177897449985437	0.00158420459304765	0.179807221310909	"prevalence"	69	35
"GGB2982_SGB3964"	"diet"	"oat"	"dietoat"	-1.55502246625325	0.47948843672246	0.00133794591785796	0.200245905706075	0.00267410173643681	0.202340364723719	"abundance"	69	43
"GGB2982_SGB3964"	"diet"	"oat"	"dietoat"	-1.31063080599403	0.523649386194034	0.0123187815362491	0.479892149628357	0.00267410173643681	0.202340364723719	"prevalence"	69	43
"GGB33512_SGB15203"	"diet"	"oat"	"dietoat"	0.230336825389174	1.12028127029735	0.929466099903405	0.986651059535927	0.00158420459304765	0.179807221310909	"abundance"	69	35
"Ruminococcus_sp_BSD2780120874_150323_B10"	"diet"	"oat"	"dietoat"	-2.08917080641249	0.995115499598722	0.0357794130992386	0.498457108742772	0.000383497271451927	0.0870538806195874	"prevalence"	69	9
