"feature"	"metadata"	"value"	"name"	"coef"	"stderr"	"pval_individual"	"qval_individual"	"pval_joint"	"qval_joint"	"model"	"N"	"N_not_zero"
"PWY.5367..petroselinate.biosynthesis"	"diet"	"2"	"diet2"	-2.00976736743067	0.503069300320531	6.46912607735281e-05	0.0696724878530898	0.000129378336587836	0.0921820648188329	"prevalence"	140	107
"PWY.6284..superpathway.of.unsaturated.fatty.acids.biosynthesis..E..coli."	"diet"	"2"	"diet2"	-2.00976736743067	0.503069300320531	6.46912607735281e-05	0.0696724878530898	0.000129378336587836	0.0921820648188329	"prevalence"	140	107
"PWY.6284..superpathway.of.unsaturated.fatty.acids.biosynthesis..E..coli."	"diet"	"2"	"diet2"	-0.592654990221543	0.247442742679492	0.0314409704877416	0.546160084117706	0.000129378336587836	0.0921820648188329	"abundance"	140	107
"PWY.5367..petroselinate.biosynthesis"	"diet"	"2"	"diet2"	-0.634354267106057	0.321741827704516	0.0731786705170667	0.628340520512283	0.000129378336587836	0.0921820648188329	"abundance"	140	107
